post_id,predicted_tense,true_tense,verbatim_example,exact_match
3dy8wl,0,0,None,True
3igqrf,0,0,None,True
3igsr7,0,0,None,True
3nt5ew,0,0,None,True
3nt86s,0,0,None,True
518v54,0,0,None,True
5bd6hr,0,0,None,True
5euhxf,0,0,None,True
5fs1yf,0,0,None,True
5phzns,0,0,None,True
5uo9xj,0,0,None,True
5yylq2,0,0,None,True
6h9s3x,0,0,None,True
6qiqc7,0,0,None,True
7tks4h,1,0,Remember the days,True
9k4o50,1,1,"Ten year on / off IV heroin user, ~6 years in NA / CA and two shots in treatment (never breaking 4 months abstinent) and this time it's finally taken hold.",False
ba5tou,0,0,None,True
700v7d,0,1,None,True
7063a7,1,0,I quit opiates/benzos/adderall 12 days ago,True
70ke56,0,0,None,True
71trdu,1,0,I went cold turkey off a decent xanax addiction during the same time I jumped off the more powerful DHC,True
728w57,1,0,was on a large benzo/opiate habit and got off both 3 weeks to the day,True
3cqp6y,0,0,None,True
3cqya9,0,0,None,True
3e1b5s,0,0,None,True
6zkt8s,0,0,None,True
7004qt,1,0,I've been 4 months sober,True
73ps8l,1,0,I've only got 5 months,True
4uxokl,0,0,None,True
4v188e,0,0,None,True
516elz,0,0,None,True
51asc3,0,0,None,True
534g0g,0,0,None,True
55a8ps,0,0,None,True
57jr8x,0,0,None,True
5ri9pf,0,0,None,True
68a9dh,0,0,None,True
6rltyf,0,0,None,True
71cl8c,0,0,None,True
71clao,0,0,None,True
77f9yb,0,0,None,True
607niv,1,0,I did not expect not to be able to find a doctor to even see me let alone prescribe me the medicine I think I need.,True
61qx2n,1,0,five days clean,True
62sbkv,1,0,was terrified to give up the pills,True
63rnxs,1,0,"I've still been in pain, but so over medicated that I didn't care",True
64xkmj,0,0,None,True
65uequ,1,0,26 days clean,True
6a5yn8,1,0,I start my new job in a couple of hours and haven't been to bed yet. It's going to be so weird working SOBER.,True
6ebujs,0,0,None,True
6inwke,1,0,Ive celebrated by getting as high as possible,True
9x54pd,0,0,None,True
a3ri4d,0,0,None,True
a43ojt,0,0,None,True
55ajwt,0,0,None,True
57ejx7,0,0,None,True
6icb2z,1,0,couldn't even go 60 minutes without having to use something,True
6icc1u,1,0,couldn't even go 60 minutes without having to use something,True
6knqqt,0,0,None,True
6xydw9,1,0,used to run one,True
725rhw,1,0,"I was in a hospital bed, could barely walk and breathe, was doing the “undercover ninja” every night to try and get comfortable to sleep",True
725rta,1,0,Nine Months...,True
7lu1ed,1,0,a year ago I was in a hospital bed with a Staff Infection and Pneumonia; I was making plans to go pick up the second I got out,True
7lu2i9,1,1,I’m officially one year clean from opiates.,True
5oht74,1,1,had some good clean time before lapsing the last 8 days prior to Saturday,True
5ope6e,0,0,None,True
5ow3t9,0,0,None,True
5p45ip,0,0,None,True
5paxbr,0,0,None,True
5pieag,0,0,None,True
5po74b,1,0,Eight days down,True
5q2yd7,1,0,Working on 11,True
5q5z00,1,0,I'm wrapping up day 11,True
5qam5y,1,0,I have taken care of a lot of bullshit I've been putting off for months over the last 12 days,True
5qh7o9,0,0,None,True
5qnoyr,1,0,haven't missed a day of work,True
5qul95,0,0,None,True
5r0lya,0,0,None,True
5r8afs,1,0,16 days in the books...,True
5rf4hs,0,0,None,True
5rmcy7,1,0,went pretty well other than a few cases of the clammy sweats,True
5rtnk6,1,0,Last night/this morning have not been the greatest,True
5s0p8o,1,0,3 weeks out,True
5sdy7b,1,0,felt like day 4 of withdrawals,True
5ssayz,1,0,I've saved approx 950 bucks so far,True
5szjvv,0,0,None,True
5t6muw,0,0,None,True
5tm4rq,0,0,None,True
5uej8s,0,0,None,True
2r79os,1,0,I've gone this long,True
2rb273,0,0,None,True
2rfvru,0,0,None,True
5sjje4,0,0,None,True
66t8t7,1,0,Had my ups and downs,True
6e1wbk,0,0,None,True
6jilbu,0,0,None,True
6jkz19,1,0,I've gone further than I thought I could,True
6jprrk,1,0,haven't thought that in a long time,False
6jqqi2,1,0,I was so fucked up on dope and xanax and kpins that i blacked out the entire way,True
6jtam9,0,0,None,True
6k0l82,1,0,Day 4,True
6k5gpv,1,0,Got some Fucking sleep! This is the longest I've been sober in a year at least,True
6kkxof,1,0,I've made it this far,True
6r2vt5,0,0,None,True
6r4qyt,0,0,None,True
7y61tu,1,0,was hopeless,True
y55tq,0,0,None,True
ygg2m,0,0,None,True
zzech,0,0,None,True
189jzm,0,0,None,True
1dcxyt,0,0,None,True
1ip2y2,0,0,None,True
28ltk2,0,0,None,True
2y148m,0,0,None,True
379lfx,0,0,None,True
3d7135,0,0,None,True
3gezxz,0,0,None,True
3glfpd,0,0,None,True
3nqeie,1,0,I'm straight hamstered right now.,True
40inra,0,0,None,True
49iuq9,0,0,None,True
49ommq,0,0,None,True
84utu0,0,0,None,True
7k1few,1,1,I've been taking these recreationally for about 5 years and abusively for around 3,True
7tdpm3,1,0,found a bottle of morphine,True
7xiifr,1,0,I'm going to take my 60 day chip today,True
8dfzx9,1,0,I've got 4 months clean and sober,True
8ektq0,1,1,kicked a 4 year IV meth habit,True
8o0sp1,0,0,None,True
930v7p,0,0,None,True
6io4hs,1,0,used opioids for years,False
77vqr1,0,0,None,True
7dnif5,1,0,"Got injured in some way, got prescribed Vicodin, Percocet, Oxys, even fucking Fentanyl in some cases-",True
7sy08z,0,0,None,True
8ro6ec,1,0,I was in recovery,True
3l5nw6,1,0,None,True
3m8tmw,1,0,Clean for over two years,True
3rva6k,1,0,been clean for two years,True
3rveij,0,0,None,True
422c1l,1,0,Been clean two years,True
43l956,1,0,I've been clean for two years,True
481d1a,0,0,None,True
49vwv2,1,0,haven't shot dope in two years,True
4bquxv,1,0,haven't touched an opiate in over two years,True
7pej2i,ERROR,1,ERROR,ERROR
7xpgw5,1,0,I am about 90-100 days clean,True
8s2nwu,0,0,None,True
a041t0,0,0,None,True
aahjui,1,0,I’m over 1 year into sobriety,True
5vveqc,0,0,None,True
71ng3x,0,0,None,True
72vmr4,0,0,None,True
73yc0j,0,0,None,True
74t8q6,0,0,None,True
7brnf4,0,0,None,True
7t9p86,0,0,None,True
7tklhm,0,0,None,True
7uke35,0,0,None,True
819ivi,0,0,None,True
81qb6u,0,0,None,True
851jqd,0,0,None,True
88dktr,0,0,None,True
8a44dc,0,0,None,True
8a8cwd,0,0,None,True
8cdcoj,0,0,None,True
8e12qh,0,0,None,True
8ju7q8,0,0,None,True
8lkudz,0,0,None,True
8o62i0,0,0,None,True
8pfne2,0,0,None,True
8pm7yp,0,0,None,True
8wmy45,0,0,None,True
58dd82,0,0,None,True
5qxv7q,0,0,None,True
5r9qbq,0,0,None,True
5t56zt,0,0,None,True
5zg351,0,0,None,True
67whz4,0,0,None,True
6rly0p,0,0,None,True
6u3x5c,0,0,None,True
6u5lb7,0,0,None,True
6u9715,1,0,I could have used all that money,True
6ualhi,0,0,None,True
682d3b,0,0,None,True
6eijd4,0,0,None,True
6fg1j6,0,0,None,True
6trb3k,1,0,I've been sober for 13 months,True
7bmrck,1,0,was reading a post about how some people on here pretty much have a life while using opiates,True
7ru9l7,1,0,The 17th was the last time I had a shot of heroin,True
8lklgw,1,0,Almost sober 2 years,True
962cbt,0,0,None,True
6ecox4,0,0,None,True
6ejlt5,1,0,Day 16 without heroin,True
6errz8,1,0,Today is day 17 without heroin,True
6exs63,0,0,None,True
6eyew8,0,0,None,True
6fcck9,0,0,None,True
6g781q,0,0,None,True
6golmf,1,0,Im 1 week heroin free,True
6gou8x,0,0,None,True
6iaj3m,1,0,Today i am 15 days off heroin,True
6ihpnl,0,0,None,True
6jbkfz,1,0,Today i am at day 20 heroin and alcohol free,True
6jfyax,0,0,None,True
6m41ju,1,0,without heroin,True
6n19x9,1,0,Im day 39 heroin and alcohol free,True
6pbh75,1,0,Today i am on day 50 heroin and alcohol free,True
6tx04u,0,0,None,True
6wx3ln,0,0,None,True
6zbm1j,0,0,None,True
71ehhl,0,0,None,True
77yau9,0,0,None,True
7exdor,1,0,been in the bathroom all day puking and shitting,True
7gjwh1,1,0,I am day 10 off heroin,True
7hl33q,1,0,I am on day 15 off heroin,True
822896,1,0,I am 23 days off alcohol and 27 off Heroin,True
8vel4c,0,0,None,True
9wveea,1,0,"I have been in rehab for the passed 3 months, I am two days out",False
1ym4ee,0,1,None,True
1yops0,0,0,None,True
212fta,0,0,None,True
23nup6,0,0,None,True
2fl0x9,1,1,used every day for about a month,True
2g6agl,0,0,None,True
2h5exs,1,0,I think I'm a little jealous that other opiate addicts are still using mind altering chemicals,True
2hlh1z,0,0,None,True
2irzez,0,0,None,True
2jea88,1,0,I first moved back to Michigan,True
2jv8il,1,0,I get my 90 days 100% sober this week,True
2jytmb,0,0,None,True
2ked9w,0,0,None,True
2lnrmz,0,0,None,True
1pbnkc,1,1,I used to have was 39 days,True
1pha2r,1,0,I've gained back most of my parents trust,True
1pnpvq,1,0,I just wanted to tell you guys that this is my first sober Halloween in 5 years,True
1tzncq,1,0,"I remember getting strung out in a public bathroom on the boardwalk in Huntington Beach, California",True
7gq0yc,1,0,I was sitting in the IOP program at the Betty Ford Center stung out of my mind with twenty dollars in my pocket anxiously waiting for it to be over that day so that my friend and I could go score yet again.,True
5lob90,0,0,None,True
5tqmox,0,0,None,True
600t7j,0,0,None,True
60s37k,0,0,None,True
61o3re,0,0,None,True
64ndta,0,0,None,True
64q2i1,0,0,None,True
67d3f9,0,0,None,True
67guh7,0,0,None,True
6bdi2u,1,0,finding opium,True
6gicm6,0,0,None,True
4whcxi,0,0,None,True
4wmevz,0,0,None,True
4yj9xi,0,0,None,True
4yyk78,0,0,None,True
4z0ik4,0,0,None,True
507vuc,0,0,None,True
50t068,0,0,None,True
511dtc,0,0,None,True
51afdr,0,0,None,True
51av7r,0,0,None,True
51i5g8,0,0,None,True
55fkee,0,0,None,True
709dzb,0,0,None,True
70i6vv,0,0,None,True
70p8a0,0,0,None,True
717jp7,0,0,None,True
73dkzj,0,0,None,True
75me0h,0,0,None,True
75v3o8,0,0,None,True
76s9o0,0,0,None,True
7x8stk,0,0,None,True
84a91v,0,0,None,True
3gk4rv,0,1,None,True
56784z,1,0,I have 252 days clean (8 months 8 days),True
586zw6,0,0,None,True
4u51gl,0,0,None,True
4ubmn6,0,0,None,True
4vo6wf,0,0,None,True
561s45,0,0,None,True
56u4hy,0,0,None,True
5kmnc9,0,0,None,True
5lclr7,1,0,currently finishing up my fifth day sober-ish,True
5liang,0,0,None,True
5s9xqw,0,0,None,True
65cv05,0,0,None,True
66uruk,0,0,None,True
67qd20,0,0,None,True
684n6j,0,0,None,True
68nqa7,0,0,None,True
69xqnx,0,0,None,True
6b9sv9,0,0,None,True
6b9xty,0,0,None,True
6ch1pr,0,0,None,True
6f1fyi,0,0,None,True
6iadgq,0,0,None,True
6iafug,0,0,None,True
71bh1s,0,0,None,True
7a369f,0,0,None,True
7a37vk,0,0,None,True
7bh2h1,1,0,used opioids for years,False
7d4os4,0,0,None,True
7rtg8w,0,0,None,True
7ry0e9,0,0,None,True
7t7r8p,0,0,None,True
8esvcs,0,0,None,True
6pti31,1,0,"stopped injecting oxy, oxymorphone, hydromorphone, morphine",True
6rq4jr,0,0,None,True
6s4f3m,0,0,None,True
6s4g3u,0,0,None,True
6s9hcr,0,0,None,True
6sfhn8,0,0,None,True
6t76hx,0,0,None,True
6t7aid,0,0,None,True
6t7dy4,0,0,None,True
6te5tz,0,0,None,True
6te81p,0,0,None,True
6tkb44,0,0,None,True
7aan22,1,0,was officially two years sober,True
7d3drl,1,0,I did before I,True
7h5zeb,0,0,None,True
81trra,0,0,None,True
82kro2,0,0,None,True
864n60,0,0,None,True
866m4p,0,0,None,True
86gisl,0,0,None,True
86wml6,0,0,None,True
8adleu,0,0,None,True
8hk9f1,0,0,None,True
8tn4nf,0,0,None,True
8u4r94,0,0,None,True
96dht9,0,0,None,True
973ctk,0,0,None,True
98i3nc,0,0,None,True
9a8qun,0,0,None,True
813uhb,0,0,None,True
81bdva,1,0,used Lope to taper,True
81nzm1,1,0,"I've been using PST, about 2-2.5 lbs of Seeds a day",True
82lbna,1,0,"used to only get it in my legs, but this time it's all over",True
83eb0b,1,0,I quit a daily PST habit of 2 1/2 pounds a day for about 2 years,True
84cko6,1,0,used Lope taper to quit,True
85p8rf,1,0,I've got about 3 weeks clean off a 2 year PST habit of about 2 lbs a day,True
8bd9d1,1,0,5 weeks off a pretty heavy PST habit,True
8w46n9,1,0,12 year off and on opiate user with ~3 years as longest clean time,True
958rvq,1,1,I've got about 6 months clean from an on/off whenever I could get it(percs>oxys>heroin>oxys>poppy seeds>heroin>oxy you get it) habit over last 12 years.,True
au0blm,0,0,None,True
2ygt26,0,0,None,True
2yr9h0,1,0,I suuuck at my job right now,True
2ytend,0,0,None,True
2yv6rl,1,0,clean,True
2z48lr,0,0,None,True
2zay7h,1,0,I had reached the point where the pills were not enough,False
2zh8zg,1,0,I am at work and don't hate being here,True
2znfx6,1,0,I have been clean for two weeks now,True
2zyvaz,1,0,Seventeen days sober,True
30g3oc,1,0,hurt it last night lifting something,True
30nqve,1,0,Three weeks ago I was in hell,True
319i06,1,0,Four weeks,True
31nhy0,0,0,None,True
31u79l,0,0,None,True
322nga,1,0,five weeks sober,True
32y8tc,1,0,Six weeks clean,True
34h01x,0,0,None,True
36d0kl,1,0,I have been clean for ten weeks and three days,True
38qu2a,1,0,"Still clean as a whistle. I went to the pharmacy today and they had just gotten a shipment of painkillers... interesting test, talking to someone about my script while a large quantity of opiates was six inches from me.",True
300yu5,1,0,None,True
3qjtg2,0,0,None,True
3qqd04,1,0,None,True
3rf7l6,0,0,None,True
59w2as,1,0,I used to tell myself that I have done the damage to my brain and I can never truly be happy.,True
5hqafy,1,0,We never used together but we were both hopeless dope fiends at the same time,True
79cnsc,1,0,I didn't take a suboxone and was fully off any type of narcotic,True
9sdokj,1,0,used to be one of those people who thought the dopamine levels in their brain would never be fixed and I was doomed to keep using in order to be happy.,True
7aua4u,1,0,I am 8 months sober from a heavy heroin habit,True
9p4b20,0,0,None,True
9rnwdl,0,0,None,True
9uia52,0,0,None,True
9ulwjb,0,0,None,True
33006o,0,0,None,True
37aze9,0,0,None,True
38m7en,0,0,None,True
39zap1,1,0,off a Norco,True
3e3bbi,1,0,haven't used since the day,True
3up5g3,1,0,haven't touched an opiate in almost 5 months,True
4l2ag5,1,0,haven't been around here for a while,True
4tpjx0,0,0,None,True
51cous,0,0,None,True
5d90vf,0,0,None,True
6ozbun,0,0,None,True
6rafnn,0,0,None,True
7g1vqd,0,0,None,True
7g5du4,0,0,None,True
7gyelj,0,0,None,True
7jw8g6,0,0,None,True
7rgp0u,0,0,None,True
7t30ft,0,0,None,True
7tzxdn,1,0,kicked my h habit about 3 weeks ago,True
8y0e1z,0,0,None,True
949sge,0,0,None,True
96lipy,0,0,None,True
9xg6r4,1,0,was using,True
9xi2xi,1,0,when I was using,True
aavq25,0,0,None,True
afpnp5,0,0,None,True
afx8yx,0,0,None,True
al79i4,0,0,None,True
alh546,0,0,None,True
6s0j7i,0,0,None,True
6s4xxo,0,0,None,True
6s7xs8,0,0,None,True
6sar1g,0,0,None,True
6sd792,0,0,None,True
6sljr4,0,0,None,True
6svd9w,1,1,I remember myself before using,True
6t3kmz,1,0,Still NO SLEEP!!!!,True
6tftx6,1,0,I have a long way to go I know. But it does feel good to not have opiates pumping through me.,True
6txtfr,1,0,hit a meeting last night,True
6ulw5h,0,0,None,True
72a4kn,1,0,used opioids for years,False
56618n,1,0,kicked before for 7 days,True
6u5ay9,1,1,"I can vividly remember my first experience with opiates. Thirteen years of age, two full bottles of tussionex.",True
8fyak2,1,0,Tried to cold turkey approx 8mg sub last year went a month clean,True
95rt7a,1,0,I have been driving around a shitbox,True
9lvjm6,1,0,it's been about 4 months off opiates,True
1lnlpj,1,1,I was taking 150 mg of oxy just to catch a little buzz and ended up blowing so much money throughout my 4 years to get a biochemistry major.,True
1tf3eu,0,0,None,True
21twgm,0,0,None,True
2270sz,1,1,"I started using freshman year of college (10 mg of vicodin). Before I knew it, was shooting a gram of heroin a day.",False
2e3dti,1,1,used everyday around 200 to 300 mg of percoset,True
2o2x9k,1,1,I used because I did not feel comfortable in my own skin and wanted to be someone else.,True
2p3z7g,1,1,Was doing a bundle a day,True
2qazkg,1,0,"I have been clean now from heroin, well from everything including cigarettes for 40 days",True
2qyi32,1,0,I am sober now,True
32g10n,1,0,I remember endless aching,True
3igjpx,1,0,was thinking yesterday listening to this podcast about a life story from a former addict,True
3qpa18,1,0,stick the needle in my arm,True
3t0tvc,1,0,Now sober,True
6goqfz,1,1,"used opioids for years, shot up dope and I was stealing, lying, kicked out of my parents house",False
7ja12y,0,0,None,True
7k5hvx,0,0,None,True
7km083,0,0,None,True
7lowxe,0,0,None,True
7p6600,0,0,None,True
7svg3u,1,1,This withdrawal thing didn’t work so good in the past,True
7tj2l7,0,0,None,True
7triel,0,0,None,True
7u95fx,0,0,None,True
8glscb,0,0,None,True
8gtkgq,1,0,I have a solo room so I only see people at the smoking spot,True
96xltz,0,0,None,True
97ozql,1,0,Two months off heroin,True
9dyqcs,0,0,None,True
9pvhtb,0,0,None,True
9v6zja,1,1,"have been a daily user for a few years, but I am clean now",True
c94690,0,0,None,True
c9vpjg,1,0,I had to start the wd all over,True
cggvwi,0,0,None,True
2po33a,0,0,None,True
2tln7x,0,0,None,True
37oykz,0,0,None,True
3d87cf,0,0,None,True
3lh2yv,0,0,None,True
3li7sr,0,0,None,True
3lnjiv,0,0,None,True
3o1ofl,0,0,None,True
3omxe0,0,0,None,True
31jxvi,0,0,None,True
39mu1q,0,0,None,True
3d63dz,0,0,None,True
3djk9q,0,0,None,True
3erc0l,0,0,None,True
3irkvv,0,0,None,True
3k3ymy,0,0,None,True
3xgj38,0,0,None,True
459p1q,0,0,None,True
6nvhdx,0,0,None,True
6w6ajl,0,0,None,True
6w6ct6,0,0,None,True
75qae3,1,0,"used is in the past tense, state label is 'withdrawal'",False
75r713,0,0,None,True
75z5f4,1,0,have been officially clean for a week now,True
76n8qh,1,0,I'm finally over the physical withdraws,True
76susr,0,0,None,True
7bwab7,0,0,None,True
7d78f1,0,0,None,True
7imefg,0,1,None,True
7kf1zl,0,0,None,True
7l47az,0,0,None,True
7lo8k1,1,0,I’m closing in on about two weeks clean,True
7lo9eb,1,0,I’m closing in on about two weeks clean,True
7mvmnk,0,0,None,True
7npcnm,0,0,None,True
7szari,0,0,None,True
8461tt,0,1,None,True
86dnqg,0,0,None,True
88suop,0,0,None,True
8ch13k,1,0,Once you got clean,True
8e96en,1,0,"I’ve never been able to break out of my shell my entire life, I’m clean now with 25 days sober",False
8rw114,0,0,None,True
8rw3kr,0,0,None,True
9a289p,0,0,None,True
9oq7uc,0,0,None,True
4su46z,0,0,None,True
4weq7w,0,0,None,True
4wz1zk,0,0,None,True
4x0qdw,0,0,None,True
4xhg43,0,0,None,True
3vgc3p,0,0,None,True
5b0wy1,0,0,None,True
5hievf,0,0,None,True
5k1o0g,0,0,None,True
5k1oee,0,0,None,True
5ogbx0,0,0,None,True
5tkele,0,0,None,True
6pevu3,0,0,None,True
6so434,0,0,None,True
6yx7cl,0,0,None,True
7g4wqe,0,0,None,True
7utwml,0,0,None,True
7wgn6u,0,0,None,True
7zoddk,0,0,None,True
8ty54o,0,0,None,True
9eheaz,0,0,None,True
64ib16,1,0,Im 90 days sober,True
65amiz,1,1,thought i was straight banging h every day,True
6bungt,0,0,None,True
6bv001,0,0,None,True
6d0m6u,0,0,None,True
6eni2i,0,0,None,True
6f6hm3,0,0,None,True
6gquvp,0,0,None,True
6jsh71,0,0,None,True
6s32sv,0,0,None,True
6vx1z8,0,0,None,True
75usyl,0,0,None,True
9r7jvb,0,0,None,True
9rgnuu,0,0,None,True
akkd6f,0,0,None,True
21qjm8,ERROR,0,ERROR,ERROR
2chamm,1,1,"I used when he used, not more than two or three times a week, for the next couple of weeks.",True
2dgb15,0,0,None,True
2dqm1m,0,0,None,True
2dtp5p,0,0,None,True
2ekc5q,1,0,stopped using illicit opiates,True
2eu61b,0,0,None,True
2f6l3u,0,0,None,True
2fqh63,0,0,None,True
2fyi7y,0,0,None,True
2g8wqx,0,0,None,True
2h236d,1,0,I am clean,True
2hcdfs,0,0,None,True
2i7zgb,1,0,used with in Florida,True
2ivdyt,1,0,I used to be in such bad shape,False
2lr7de,0,0,None,True
2n5vj8,0,0,None,True
2nkbfq,1,0,It's day 110 for me since I last used opiates,True
3gcc7r,1,0,"I was talking about you guys and recommended a new comer come check this sub out, I finally asked for help, and started being honest",False
2hoo9h,0,0,None,True
2icg4d,0,0,None,True
2j8zso,1,0,the past 13 years,True
2jlf7o,0,0,None,True
2johmn,0,0,None,True
2ljykd,0,0,None,True
8jsh11,0,0,None,True
8kow2v,0,0,None,True
912r36,0,0,None,True
930pja,0,0,None,True
18hogu,1,0,shot up,True
1g3x3z,0,1,None,True
1m04ox,0,0,None,True
24oizv,1,0,"I would always get carded and sometimes cashiers would make comments, girls thought I was 22, etc.",True
2eo8fu,0,0,None,True
2qegjj,0,0,None,True
2qraq3,0,0,None,True
2uted8,0,0,None,True
2zlapn,0,0,None,True
2ztmsi,1,1,I was using 60mg of oxy to get right daily and 30mg to not be sick,True
354b3f,0,0,None,True
356qxg,0,0,None,True
374yoy,0,0,None,True
3b662j,1,0,I've spent 95% of the money I've earned/borrowed in the past two years on these godforsaken pills,True
5cfk3y,1,1,"used for three to six weeks, detox and WD for a few days",False
5do5w4,0,0,None,True
5e021n,0,0,None,True
5lmr46,1,0,Went back for that one last time.,True
5m7uxx,0,0,None,True
5m8cbd,0,0,None,True
5vz0c8,0,0,None,True
5wa2x6,1,0,hit 96 hours into my current detox,True
5wbuio,1,0,three hours after my last dose,True
5wvc6g,0,0,None,True
626yao,1,0,had been clean since February 22nd,True
65cetl,ERROR,0,ERROR,ERROR
69elm6,1,0,I've been thankful to have some extra time before the event to continue to work on my shit,True
6w32fm,1,0,still clean after 6 months,True
5eyu2c,1,0,I have been clean off heroin for 7 years,True
5fakxa,0,0,None,True
5gec3u,0,0,None,True
5k5ef8,0,0,None,True
6h5m7b,1,1,"I have been homeless have boosted and done various other things for a daily fix Detox 7 times, impatient numerous times",False
4g4vh6,0,0,None,True
4i9974,0,0,None,True
4ml4hi,0,0,None,True
4op8in,0,0,None,True
4z2mam,0,0,None,True
557aht,0,0,None,True
5899fw,0,0,None,True
7v4a5x,0,0,None,True
8e2q2w,0,0,None,True
8foj96,0,0,None,True
3l9j7c,0,0,None,True
3le8du,ERROR,0,ERROR,ERROR
3lelam,ERROR,0,ERROR,ERROR
3mo5w2,0,0,None,True
3n2ovm,0,0,None,True
3ntap0,0,0,None,True
3plm0v,0,0,None,True
5m1kxs,1,1,I used to be quite active on this sub but got clean for close to a year,True
5mois4,1,0,Headed into day 4 now of withdrawal from bth,True
5mt9d3,1,0,"Haven't slept still at all, just absolutely miserable and losing my mind. Since I'm staying with my mom while detoxing",True
5mybow,0,0,None,True
5nrffi,1,0,I was basically sitting on my hands watching the clock minute by minute telling myself not to leave the house. I knew if I left I'd get dope.,True
70e73c,0,0,None,True
71fs3w,0,0,None,True
73aox3,1,0,None,True
82lvqg,0,0,None,True
8y5xe0,1,0,used to share,True
913j09,1,0,I used to spend every day wishing I was dead when I was using,True
1d1z30,0,0,None,True
1fi63n,0,0,None,True
1mdn4w,1,0,"I wasn't ever a huge gamer, but twice a week I would be able to sit in front of an Xbox or computer for a couple hours and indulge in fantasy world.",True
3ec0k1,0,0,None,True
47821b,0,0,None,True
2usdaq,1,0,I used to relapse together almost instantly,False
3p630r,1,0,getting to a meeting,True
42jqib,1,1,I rarely used opioids for years,False
5tk2th,1,0,I've been in and out of recovery since '09,True
5y34e5,1,0,I've been sticking it out,True
4wghw3,0,0,None,True
4wn4lx,0,0,None,True
4x22ko,0,0,None,True
4x2cmy,0,0,None,True
4x5tju,0,0,None,True
4xfdei,1,0,coming off a 3 week heroin binge,True
4xolj8,0,1,None,True
4xth55,1,0,my W/D's finished,True
4xwgnk,0,0,None,True
4y60d1,0,0,None,True
4yd4cu,1,0,I got one to help cope with withdrawal,True
4zfsrv,0,0,None,True
50eob3,0,0,None,True
50fctm,0,0,None,True
50r0kv,0,0,None,True
50uqqk,0,0,None,True
51jogj,0,0,None,True
51mlcc,0,0,None,True
52f0y8,0,0,None,True
52mzs8,1,1,I was taking 8mg clonazepam for 2 full years daily (RX'd) and probably 80-100mg oxycodone a day,True
52no2p,0,1,None,True
52qzf0,0,1,None,True
60lats,0,0,None,True
651szn,1,0,haven't had a dream about using in almost a month,True
6th6ut,0,0,None,True
6toxjp,0,0,None,True
722d29,0,0,None,True
1k5gaz,0,0,None,True
1lmluc,0,0,None,True
1m1di0,0,0,None,True
1ni8o7,0,0,None,True
1vp1ae,0,0,None,True
1wquz1,0,0,None,True
1xeg63,0,0,None,True
1zqlhf,0,0,None,True
23pv38,0,0,None,True
23vo4z,0,0,None,True
25wok0,0,0,None,True
25xrjo,0,0,None,True
27hc44,0,0,None,True
29pe97,0,0,None,True
2b0q0j,0,0,None,True
2c7h7s,0,0,None,True
2o3xge,0,0,None,True
2ocg89,0,0,None,True
2xnxmu,0,0,None,True
36cxa9,0,0,None,True
5sb0ez,0,0,None,True
5thap3,0,0,None,True
5ura51,0,0,None,True
5v9njc,0,0,None,True
64ohbl,0,0,None,True
65nbjs,0,0,None,True
1peg8y,0,0,None,True
1rpx11,0,0,None,True
1s505e,0,0,None,True
1s80yh,0,0,None,True
1sez54,0,0,None,True
2522nd,0,0,None,True
27ilju,0,0,None,True
27q7rn,0,0,None,True
2cgdn8,1,1,"I was physically addicted and was basically using to not be sick so I could function, go to work, etc",True
2gyhsa,1,1,I mean at this point I've used everyday for a week and now get withdrawals again,True
2o8onl,1,0,was lying in bed and doing the worst thing possible,True
2qinso,1,0,I've been using drugs/alcohol in many forms since I was about 14,False
53g3xm,0,0,None,True
8fwt2u,1,0,Gonna be sober today,True
8je6i3,1,0,used opioids for years,False
8k1ipv,0,0,None,True
8k1k5h,1,0,I've been off opiates for 26 days now,True
8l6lf1,1,0,had 31 days yesterday,True
94hw0w,1,1,Was using opiates on and off for about 3 years,True
99v50z,0,0,None,True
9ty9nh,0,0,None,True
a9vnxz,1,0,55 days sober today,True
ah3b4a,1,0,I've gone completely sober,True
btujsy,1,0,"I was using short acting pain pills, no heroin or methadone",False
bz8m4u,1,1,I’m a few days past 7 months of complete sobriety,True
5zufu4,0,0,None,True
6onjd6,1,0,made it to day 2 cold turkey,True
6ooeq0,0,0,None,True
6q4a92,0,0,None,True
6qgu9j,1,0,I was just fed up with being in pain and knowing my next appointment in 3 months I'll be given nurontin or some bullshit synthetic that is just if not worse as opioids. So I finally said fuck it and started medicating myself,True
6r08x3,1,0,I wake up in severe pain if I haven't used within 12 hours,True
6tjed3,0,0,None,True
6vtbvd,0,1,None,True
6ycv55,0,1,None,True
6zysjf,0,0,None,True
70fisp,0,0,None,True
7bvqvj,0,0,None,True
7k3g81,0,1,None,True
8b1hh0,0,0,None,True
8h9u39,1,0,I finally got off of dope using a sub taper. Coming up on 6 months clean from heroin/fent.,True
3x916d,0,0,None,True
3y8uqq,0,0,None,True
3yo8bf,0,0,None,True
431q6i,0,0,None,True
456ewl,0,0,None,True
45afjw,0,0,None,True
4g8w0z,1,0,went off on a guest over the weekend,True
4hv25r,1,0,"I have been *much* sicker with the flu, than I ever was with opiate withdrawal",True
4zos1m,0,0,None,True
5sl9q2,1,0,I havn't felt true happiness since my addiction was rampant,True
60a2qw,0,0,None,True
8vcvnf,1,0,I used to be a regular on this sub. I miss you guys.,True
bnfbis,1,0,I am long since clean,True
6213cc,0,0,None,True
65x0y0,1,1,I decided to quit about a month ago,True
68tugp,1,1,"I used, I was using",False
69rsvb,1,0,I used to be such a lazy piece of shit,False
6ubnhg,1,0,I have 135 days today,True
7b8yd7,1,1,I just looked back on a post I made on r/opiates when I was just about to quit fentanyl,False
7pbgsj,1,0,I always feel so fortunate to be clean,False
95s5im,1,0,I have 16 months clean,True
yrdfn,0,0,None,True
11t3ai,0,0,None,True
13hkwt,0,0,None,True
16ksus,0,0,None,True
1gd80o,0,0,None,True
1t80g3,1,0,used to get off to this subreddit,True
2h6z88,1,0,I've been off this sub for about 8 months now due to getting my act together and getting sober,True
3hgu09,1,1,was on opiates for about 2 years,True
4tssfz,0,0,None,True
4turk4,0,0,None,True
4ty1r4,0,0,None,True
4tydti,1,0,deleted dealers' numbers,True
4uimtr,0,0,None,True
4vauox,1,0,I've had withdrawal,True
57t3eo,0,0,None,True
5d3b6i,1,0,"I've blocked his number along with a few others, and told him not to contact me anymore and that I'm clean now.",True
5nmk3j,1,0,I've been clean for a few months,True
5xb5zz,0,0,None,True
68t4xs,0,0,None,True
6eatyc,1,0,I've been using heroin,True
6fbatf,1,0,I went to rehab and just got out last Tuesday,True
6k1z9f,1,0,I've been clean over a month now,True
7a1qci,0,0,None,True
7r7njn,0,0,None,True
8ci1wf,0,0,None,True
8reqyf,0,0,None,True
ae2rfw,0,0,None,True
4o4lrm,1,0,"I started a blog with a group of friends. We write about a bunch of stuff, and we have some legitimate fun centered around a lifestyle free of drugs and alcohol.",True
6k6l0e,1,0,got a whole year clean,True
75ymwk,0,0,None,True
7ms1qp,1,0,staying clean,True
7q3s1u,1,0,in recovery,True
7scuae,1,0,has been clean for over 5 years,True
7uh5kq,1,0,7 months,True
7ysc8t,1,0,used to do a lot of wild stuff in his addiction,True
80opg3,1,0,been clean for over 3 years,True
87xzz2,1,0,was actively using,True
8c0bx7,0,0,None,True
8ecoun,1,0,what her journey has been like for the past 4 years,True
8jefqu,1,0,getting clean,True
ah548w,1,0,I've been clean and sober for over 4 years,True
20vf2z,0,0,None,True
22gu95,1,0,i wake up fine and by the evening i'm hurting so hard,True
2a2vyo,1,0,flushed that shit down the toilet,True
2aiuzq,0,0,None,True
2t219z,1,1,shot dope for the last time January 19th of last year if I am not mistaken.,True
420kus,0,0,None,True
5p3ha3,1,0,went through the 12 steps of AA in my first three months,True
7v9sgj,1,1,"I used to post/read on here a lot, don't much anymore. I have been able to do so much since I've gotten sober from IV heroin and everything else.",False
3j7ys7,0,0,None,True
3u5edk,0,0,None,True
3xc2jo,0,0,None,True
4l7t84,0,0,None,True
4nej8v,1,0,quit it,True
4q4v1a,1,0,had to narcan my dude this morning,Tr8n5lpd,0,0,None,
e,True
54vnx9,0,0,None,True
7lnq2e,0,0,None,True
7mvnfn,0,0,None,True
aft1cg,ERROR,1,ERROR,ERROR
2dgcl6,0,0,None,True
2dsyef,0,0,None,True
2ji0c6,0,0,None,True
2l1ir7,0,0,None,True
2lnb5k,0,0,None,True
2tfp54,0,0,None,True
2uwlao,0,0,None,True
2vqj0o,0,0,None,True
2x51r2,0,0,None,True
2yqk8v,0,0,None,True
30j411,0,0,None,True
31le5r,0,0,None,True
31x4d2,0,0,None,True
321w3c,0,0,None,True
32wxna,0,0,None,True
35ip7o,0,0,None,True
36iaud,0,0,None,True
3a9zzd,0,0,None,True
3arut4,0,0,None,True
3bbq7v,0,0,None,True
3bd3fy,0,0,None,True
99wqcp,0,0,None,True
9aapzt,0,0,None,True
9c6xez,0,0,None,True
9hktm7,0,0,None,True
9tq12o,0,0,None,True
9yz6dy,0,0,None,True
aep1b6,0,0,None,True
aiii48,0,0,None,True
av8v4r,0,0,None,True
awozxz,0,0,None,True
azcgte,0,0,None,True
b176mz,0,0,None,True
b3mgx6,0,0,None,True
b76t04,0,0,None,True
b78h0j,0,0,None,True
bad5yw,0,0,None,True
bclisc,0,0,None,True
bf6i4s,0,0,None,True
bk2pll,0,0,None,True
bxczdq,0,0,None,True
cb9g1c,0,0,None,True
1naxdu,1,0,I'm on day 4 clean,True
1nij95,0,0,None,True
1nu173,1,0,I'm on day 3 of being clean,True
1pdijm,0,0,None,True
1q5itf,1,0,I have 35 days clean,True
1rzh7m,0,0,None,True
1sdmc7,0,0,None,True
1smfyt,0,0,None,True
1spino,1,0,I've been trying to take another look at my life and my recovery,True
1st6ax,0,0,None,True
1texc2,1,0,None,True
1v372o,0,0,None,True
1vuf71,0,0,None,True
1vxjmy,0,0,None,True
1wsf9j,0,1,None,True
1xyyz2,0,0,None,True
1ym81n,1,0,"I've tried the whole be friends with them just do different things. Turns out I'm capable of that for about a week, 2 tops, before I'm using again.",True
26l19t,0,0,None,True
270jse,1,0,I was 7 fucking days away from 6 months clean,True
139cae,0,0,None,True
3kyrfw,0,0,None,True
3nbed3,0,0,None,True
3nify8,0,0,None,True
3nqduu,0,0,None,True
3nx8md,0,0,None,True
3o3urm,0,0,None,True
3oi8bd,0,0,None,True
3qr720,0,0,None,True
3qrapd,0,0,None,True
60hxnq,0,0,None,True
63of95,0,0,None,True
64t3ja,0,0,None,True
65s7c3,0,0,None,True
660fow,0,0,None,True
667ayt,0,0,None,True
66i1lx,0,0,None,True
66n3zi,0,0,None,True
67365w,0,0,None,True
676662,0,0,None,True
68y8ly,0,0,None,True
9mpfob,0,0,None,True
23oe3c,1,1,"I started feeling like I at least needed a break...so I switched to snorting for like a week or so before,  and finally quit over the weekend.",True
2euvu7,0,0,None,True
2f3p9p,0,0,None,True
2feg71,0,0,None,True
2g1bpo,0,0,None,True
2g2bau,0,0,None,True
2j9myu,0,0,None,True
2qncjf,0,0,None,True
2uuhv1,0,0,None,True
2ymkwh,0,0,None,True
3n770r,0,0,None,True
3orp81,0,0,None,True
3qyk6b,0,0,None,True
4me27z,0,0,None,True
7nhw1l,1,1,I got clean one year and two months ago,True
195zqa,0,0,None,True
19fd8p,0,0,None,True
19fj5o,0,0,None,True
1a13tk,0,0,None,True
1bosyo,0,0,None,True
1fn2fb,0,0,None,True
1tof60,0,0,None,True
1tun3q,0,0,None,True
1u3k1l,0,0,None,True
1u5c2h,0,0,None,True
1ua06b,0,1,None,True
211yw4,1,0,I have 78 days,True
2j19lb,1,0,I have a little over nine months clean from IV heroin,True
2pkwer,1,0,I've been clean for almost a year,True
2puo9a,0,0,None,True
2qhyvn,0,0,None,True
3a3ier,1,0,being completely sober,True
3a3wr9,1,0,177 days clean,True
3paytc,0,0,None,True
3pb0qj,0,0,None,True
3vmjm9,0,0,None,True
510t9h,0,0,None,True
537rp3,0,0,None,True
6ibq6s,0,0,None,True
6or7wx,0,0,None,True
2w23fp,0,0,None,True
30w7kz,0,0,None,True
3ce9om,1,0,i've been clean for two months today,True
3ir7o7,0,0,None,True
3u0p3d,1,0,None,True
3zmmqw,0,0,None,True
40jtor,0,0,None,True
43rva7,0,0,None,True
44jtfb,0,0,None,True
47t6jd,0,0,None,True
4t5tvo,0,0,None,True
79xohy,1,0,i used to have a habit along with my boyfriend's became unsustainable quickly,False
7iz24v,0,1,None,True
